accuracy,f1_pos,precision_pos,recall_pos,pr_auc,roc_auc
0.8475296072021864,0.17618530582699965,0.3878266411727215,0.11398332865036995,0.30205238319298783,0.7421585554632483
